"process","flow","category","pct_change_total"
"aluminium_frame","aluminium_primary","Acidification",6.3829950465299
"aluminium_frame","electricity_grid","Acidification",1.93331099967011
"steel_parts","steel_low_alloy","Acidification",0.551351655461488
"assembly","electricity_grid","Acidification",0.483327749917528
"steel_parts","electricity_grid","Acidification",0.279256033285692
"packaging","corrugated_board","Acidification",0.15625039957652
"transport","sea_freight","Acidification",0.139423433468279
"assembly","natural_gas_heat","Acidification",0.0337562238037692
"transport","truck_freight","Acidification",0.0265190940034216
"end_of_life","landfill_mixed","Acidification",0.0138093642833575
"aluminium_frame","aluminium_primary","GWP100",6.42796256876291
"aluminium_frame","electricity_grid","GWP100",1.8864672756152
"steel_parts","steel_low_alloy","GWP100",0.537992519342116
"assembly","electricity_grid","GWP100",0.471616818903801
"steel_parts","electricity_grid","GWP100",0.272489717588856
"packaging","corrugated_board","GWP100",0.143814017616335
"end_of_life","landfill_mixed","GWP100",0.121572335539644
"assembly","natural_gas_heat","GWP100",0.0922272890300765
"transport","sea_freight","GWP100",0.0240815699134073
"transport","truck_freight","GWP100",0.0217758876876517
